{
  "DenseNet121": {
    "acc": 86.28571428571429,
    "macro_f1": 86.13220988835515,
    "weighted_f1": 86.13220988835513
  },
  "ConvNeXt-Tiny": {
    "acc": 85.28571428571429,
    "macro_f1": 85.08895019555032,
    "weighted_f1": 85.08895019555031
  },
  "ResNet50": {
    "acc": 84.0,
    "macro_f1": 83.66013276477211,
    "weighted_f1": 83.66013276477211
  },
  "EfficientNet-B3": {
    "acc": 78.71428571428571,
    "macro_f1": 78.24135438465316,
    "weighted_f1": 78.24135438465316
  }
}