{
  "DenseNet121": {
    "acc": 87.0,
    "macro_f1": 86.8445066538947,
    "weighted_f1": 86.8445066538947
  },
  "ConvNeXt-Tiny": {
    "acc": 83.14285714285714,
    "macro_f1": 82.95357356688461,
    "weighted_f1": 82.95357356688461
  },
  "ResNet50": {
    "acc": 83.0,
    "macro_f1": 82.87815702302426,
    "weighted_f1": 82.87815702302427
  },
  "EfficientNet-B3": {
    "acc": 79.85714285714286,
    "macro_f1": 79.64129041763425,
    "weighted_f1": 79.64129041763425
  }
}