{
  "DenseNet121": {
    "acc": 87.57142857142857,
    "macro_f1": 87.54874455408358,
    "weighted_f1": 87.54874455408357
  },
  "ConvNeXt-Tiny": {
    "acc": 85.0,
    "macro_f1": 85.00075418365839,
    "weighted_f1": 85.00075418365837
  },
  "ResNet50": {
    "acc": 85.0,
    "macro_f1": 84.79067926098065,
    "weighted_f1": 84.79067926098067
  },
  "EfficientNet-B3": {
    "acc": 79.57142857142857,
    "macro_f1": 79.31818084667549,
    "weighted_f1": 79.3181808466755
  }
}