{
  "seed": 13,
  "val": {
    "ResNet50": {
      "acc": 83.02872062663185,
      "macro_f1": 77.67920184878433,
      "auc": 0.9135419319242849
    },
    "DenseNet121": {
      "acc": 85.37859007832898,
      "macro_f1": 80.04558775643113,
      "auc": 0.9284520626432391
    },
    "ConvNeXt-Tiny": {
      "acc": 85.70496083550914,
      "macro_f1": 79.82628773461529,
      "auc": 0.9166666666666666
    },
    "EfficientNet-B3": {
      "acc": 80.87467362924282,
      "macro_f1": 75.43344043809515,
      "auc": 0.9000827603768782
    }
  },
  "test": {
    "DenseNet121": {
      "acc": 84.4873501997337,
      "macro_f1": 78.23566103786182,
      "auc": 0.9119153294639808
    },
    "ConvNeXt-Tiny": {
      "acc": 85.35286284953395,
      "macro_f1": 78.4519636075289,
      "auc": 0.9012575395470582
    },
    "ResNet50": {
      "acc": 79.89347536617842,
      "macro_f1": 73.63043402434629,
      "auc": 0.8910378968931376
    },
    "EfficientNet-B3": {
      "acc": 77.96271637816245,
      "macro_f1": 71.73576262138435,
      "auc": 0.8781609195402299
    }
  }
}