{
  "seed": 21,
  "val": {
    "ResNet50": {
      "acc": 82.63707571801567,
      "macro_f1": 77.04788767933097,
      "auc": 0.9145472582972582
    },
    "DenseNet121": {
      "acc": 85.96605744125327,
      "macro_f1": 80.3118142862181,
      "auc": 0.9230195866225277
    },
    "ConvNeXt-Tiny": {
      "acc": 85.11749347258485,
      "macro_f1": 79.1008412411598,
      "auc": 0.9170539427892369
    },
    "EfficientNet-B3": {
      "acc": 80.87467362924282,
      "macro_f1": 75.51053365231172,
      "auc": 0.9001981474407945
    }
  },
  "test": {
    "DenseNet121": {
      "acc": 84.75366178428762,
      "macro_f1": 78.07457213103572,
      "auc": 0.9111471491976784
    },
    "ConvNeXt-Tiny": {
      "acc": 85.28628495339548,
      "macro_f1": 78.23301173327633,
      "auc": 0.902711391828838
    },
    "ResNet50": {
      "acc": 82.49001331557922,
      "macro_f1": 76.18137144063071,
      "auc": 0.8976783885285081
    },
    "EfficientNet-B3": {
      "acc": 78.56191744340879,
      "macro_f1": 72.34834711216311,
      "auc": 0.8744821895982702
    }
  }
}