{
  "seed": 42,
  "val": {
    "ResNet50": {
      "acc": 82.76762402088774,
      "macro_f1": 77.29758857604743,
      "auc": 0.916836431542314
    },
    "DenseNet121": {
      "acc": 85.90078328981723,
      "macro_f1": 80.16172196483555,
      "auc": 0.9225845641286816
    },
    "ConvNeXt-Tiny": {
      "acc": 86.22715404699738,
      "macro_f1": 80.52444205055721,
      "auc": 0.9233166751549104
    },
    "EfficientNet-B3": {
      "acc": 81.26631853785901,
      "macro_f1": 75.74375380310626,
      "auc": 0.8989341948900773
    }
  },
  "test": {
    "DenseNet121": {
      "acc": 84.4873501997337,
      "macro_f1": 77.30410076920633,
      "auc": 0.9036701946056674
    },
    "ConvNeXt-Tiny": {
      "acc": 84.88681757656458,
      "macro_f1": 78.7961161184319,
      "auc": 0.9174433822692614
    },
    "ResNet50": {
      "acc": 81.35818908122504,
      "macro_f1": 75.12215320910973,
      "auc": 0.8977352907704562
    },
    "EfficientNet-B3": {
      "acc": 78.09587217043942,
      "macro_f1": 71.7701914271661,
      "auc": 0.8737766017981108
    }
  }
}