{
  "seed": 21,
  "val": {
    "EfficientNet-B3": {
      "acc": 78.1331592689295,
      "macro_f1": 65.40330303914386,
      "weighted_f1": 79.3934643631706
    },
    "ResNet50": {
      "acc": 78.06788511749347,
      "macro_f1": 67.29792502765767,
      "weighted_f1": 79.39989131153544
    },
    "DenseNet121": {
      "acc": 78.72062663185379,
      "macro_f1": 71.33560267327373,
      "weighted_f1": 80.04058053685847
    },
    "ConvNeXt-Tiny": {
      "acc": 78.06788511749347,
      "macro_f1": 70.22623421969101,
      "weighted_f1": 79.44337137808529
    }
  },
  "test": {
    "DenseNet121": {
      "acc": 77.09720372836219,
      "macro_f1": 71.58562795293254,
      "weighted_f1": 78.54748994579126
    },
    "ConvNeXt-Tiny": {
      "acc": 75.63249001331558,
      "macro_f1": 67.13768806843748,
      "weighted_f1": 76.95800970734852
    },
    "ResNet50": {
      "acc": 74.56724367509987,
      "macro_f1": 62.2169912026522,
      "weighted_f1": 76.2985010484726
    },
    "EfficientNet-B3": {
      "acc": 77.89613848202397,
      "macro_f1": 66.80818979877941,
      "weighted_f1": 79.03637066823116
    }
  }
}