{
  "seed": 42,
  "val": {
    "EfficientNet-B3": {
      "acc": 78.45953002610966,
      "macro_f1": 67.5458472700888,
      "weighted_f1": 79.6919632153166
    },
    "ResNet50": {
      "acc": 77.61096605744126,
      "macro_f1": 69.2686493971286,
      "weighted_f1": 79.1594091449197
    },
    "DenseNet121": {
      "acc": 80.4177545691906,
      "macro_f1": 72.49036537635362,
      "weighted_f1": 81.24060370384973
    },
    "ConvNeXt-Tiny": {
      "acc": 78.78590078328982,
      "macro_f1": 66.17755121219496,
      "weighted_f1": 79.80810687294988
    }
  },
  "test": {
    "DenseNet121": {
      "acc": 78.4953395472703,
      "macro_f1": 68.42227585803491,
      "weighted_f1": 79.24127887937816
    },
    "ConvNeXt-Tiny": {
      "acc": 75.23302263648469,
      "macro_f1": 63.047933217680686,
      "weighted_f1": 76.57054022426635
    },
    "ResNet50": {
      "acc": 75.89880159786951,
      "macro_f1": 66.8877448676959,
      "weighted_f1": 77.57132182550339
    },
    "EfficientNet-B3": {
      "acc": 76.36484687083887,
      "macro_f1": 65.13765634487197,
      "weighted_f1": 77.58743501663511
    }
  }
}