{
  "seed": 13,
  "val": {
    "EfficientNet-B3": {
      "acc": 76.43603133159269,
      "macro_f1": 67.08876898422415,
      "weighted_f1": 78.03304490687337
    },
    "ResNet50": {
      "acc": 77.74151436031332,
      "macro_f1": 67.88026083038814,
      "weighted_f1": 79.29164067392007
    },
    "DenseNet121": {
      "acc": 79.43864229765013,
      "macro_f1": 70.54376333346178,
      "weighted_f1": 80.6581429425093
    },
    "ConvNeXt-Tiny": {
      "acc": 79.83028720626632,
      "macro_f1": 71.28675765730556,
      "weighted_f1": 81.02174897843105
    }
  },
  "test": {
    "DenseNet121": {
      "acc": 76.56458055925432,
      "macro_f1": 67.25171840796371,
      "weighted_f1": 78.0820089299628
    },
    "ConvNeXt-Tiny": {
      "acc": 76.89747003994674,
      "macro_f1": 67.63809615282968,
      "weighted_f1": 78.34145043019888
    },
    "ResNet50": {
      "acc": 77.43009320905459,
      "macro_f1": 68.97686230632202,
      "weighted_f1": 78.48530032964922
    },
    "EfficientNet-B3": {
      "acc": 75.56591211717709,
      "macro_f1": 65.60819977840691,
      "weighted_f1": 77.24009288824718
    }
  }
}